step,accuracy,loss
1,0.10199999809265137,2877.69921875
