step,accuracy,loss
1,0.2953000068664551,2412.447509765625
2,0.3693999946117401,2127.867919921875
3,0.40699997544288635,1989.298828125
4,0.4465000033378601,1889.79931640625
5,0.46299999952316284,1831.4173583984375
6,0.4755999743938446,1800.876953125
7,0.5001999735832214,1749.03564453125
8,0.5108999609947205,1700.1480712890625
9,0.5249999761581421,1661.975341796875
