step,accuracy,loss
1,0.8822999596595764,465.7461242675781
2,0.805899977684021,2195.289794921875
3,0.9368999600410461,458.640625
4,0.8669999837875366,1798.1900634765625
5,0.9347999691963196,632.6884155273438
6,0.9048999547958374,1536.0511474609375
7,0.9551999568939209,652.1564331054688
8,0.9310999512672424,1447.2037353515625
9,0.9554999470710754,644.4778442382812
