step,accuracy,loss
1,0.3528999984264374,2290.897216796875
2,0.40779998898506165,2015.868408203125
