step,accuracy,loss
1,0.2987000048160553,2681.07763671875
2,0.36069998145103455,2555.451904296875
