step,accuracy,loss
1,0.675000011920929,1771.432373046875
